id,pert_id,pert_iname,cell_iname,pert_type,pert_idose,pert_itime,nsample,ss_ngene,cc_q75,tas,qc_pass,is_hiq,is_ncs_sig,is_exemplar_sig,is_null_sig,moa,target_name,raw_cs,fdr_q_nlog10,norm_cs
REP.B008_A375_24H:C01,BRD-K36740062,GSK-1070916,A375,trt_cp,2.22 uM,24 h,2,354,0.5678,0.453346,1,1,1,1,0,Aurora kinase inhibitor,AURKB|AURKC|AURKA|CYP2D6|CYP3A4,-0.9545,15.6536,-1.8925
LJP007_A549_24H:G01,BRD-K21718444,KW-2449,A549,trt_cp,10 uM,24 h,4,349,0.5011,0.422869,1,1,1,1,0,Abl inhibitor|Aurora kinase inhibitor|FLT3 inhibitor,FLT3|ABL1|AURKA|FGFR1|AURKB,-0.9542,15.6536,-1.8918
REP.A005_A375_24H:A07,BRD-K07881437,danusertib,A375,trt_cp,10 uM,24 h,3,461,0.7728,0.603552,1,1,1,1,0,Aurora kinase inhibitor|FGFR inhibitor,AURKA|AURKB|AURKC|FGFR1|NTRK1|RET|BCR|SLK,-0.9523,15.6536,-1.8881
LJP008_A549_24H:C01,BRD-K36740062,GSK-1070916,A549,trt_cp,10 uM,24 h,2,434,0.6764,0.54787,1,1,1,1,0,Aurora kinase inhibitor,AURKB|AURKC|AURKA|CYP2D6|CYP3A4,-0.9492,15.6536,-1.882
LJP007_HUVEC_24H:G01,BRD-K21718444,KW-2449,HUVEC,trt_cp,10 uM,24 h,3,310,0.538,0.412955,1,1,1,1,0,Abl inhibitor|Aurora kinase inhibitor|FLT3 inhibitor,FLT3|ABL1|AURKA|FGFR1|AURKB,-0.9384,15.6536,-1.8605
REP.A004_A375_24H:K19,BRD-K21718444,KW-2449,A375,trt_cp,10 uM,24 h,3,565,0.6217,0.599301,1,1,1,1,0,Abl inhibitor|Aurora kinase inhibitor|FLT3 inhibitor,FLT3|ABL1|AURKA|FGFR1|AURKB,-0.9318,15.6536,-1.8475
LJP009_HUVEC_24H:M01,BRD-K72703948,ZM-447439,HUVEC,trt_cp,10 uM,24 h,3,339,0.5696,0.44434,1,1,1,1,0,Aurora kinase inhibitor,AURKA|AURKB,-0.9312,15.6536,-1.8463
PCLB002_A375_24H:BRD-K72703948:10,BRD-K72703948,ZM-447439,A375,trt_cp,10 uM,24 h,3,415,0.68,0.537167,0,0,1,1,0,Aurora kinase inhibitor,AURKA|AURKB,-0.9234,15.6536,-1.8308
REP.A022_MCF10A_24H:E02,BRD-K68747584,PF-03814735,MCF10A,trt_cp,3.33 uM,24 h,2,328,0.5353,0.423707,0,0,1,1,0,Aurora kinase inhibitor,AURKA|AURKB,-0.9174,15.6536,-1.8189
LJP009_A549_24H:L01,BRD-K70642949,GSK-2334470,A549,trt_cp,10 uM,24 h,5,439,0.4509,0.449886,0,0,1,1,0,PDK inhibitor,PDPK1|AURKA|AURKB|PDK1,-0.911,15.6536,-1.8063
LJP009_SHSY5Y_24H:L01,BRD-K70642949,GSK-2334470,SHSY5Y,trt_cp,10 uM,24 h,3,231,0.4185,0.314401,0,0,1,1,0,PDK inhibitor,PDPK1|AURKA|AURKB|PDK1,-0.9096,15.6536,-1.8035
LJP009_A549_24H:M01,BRD-K72703948,ZM-447439,A549,trt_cp,10 uM,24 h,5,346,0.5407,0.437368,0,0,1,1,0,Aurora kinase inhibitor,AURKA|AURKB,-0.9025,15.6536,-1.7893
PCLB002_A549_24H:BRD-K59369769:10,BRD-K59369769,tozasertib,A549,trt_cp,10 uM,24 h,3,329,0.47,0.397628,1,1,1,1,0,Aurora kinase inhibitor|Bcr-Abl inhibitor|FLT3 inhibitor|JAK inhibitor,AURKA|AURKB|ABL1|AURKC|BCR|FLT3|JAK2|DDR2|LCK,-0.901,15.6536,-1.7864
CPC004_HCC515_24H:BRD-K42500029-001-01-9:10,BRD-K42500029,CGP-57380,HCC515,trt_cp,10 uM,24 h,3,470,0.65,0.558903,1,1,1,1,0,MAP kinase inhibitor,MKNK1|AURKB|LCK|MKNK2|SGK1,-0.9005,15.6536,-1.7854
REP.B008_MCF7_24H:C13,BRD-K31928526,barasertib,MCF7,trt_cp,2.22 uM,24 h,2,172,0.4033,0.266323,1,1,1,1,0,Aurora kinase inhibitor,AURKB|AURKA,-0.8997,15.6536,-1.7839
LJP007_HEPG2_24H:G01,BRD-K21718444,KW-2449,HEPG2,trt_cp,10 uM,24 h,2,216,0.5412,0.345729,1,1,1,1,0,Abl inhibitor|Aurora kinase inhibitor|FLT3 inhibitor,FLT3|ABL1|AURKA|FGFR1|AURKB,-0.8972,15.6536,-1.7789
REP.A004_PC3_24H:K19,BRD-K21718444,KW-2449,PC3,trt_cp,10 uM,24 h,3,317,0.4894,0.398283,1,1,1,1,0,Abl inhibitor|Aurora kinase inhibitor|FLT3 inhibitor,FLT3|ABL1|AURKA|FGFR1|AURKB,-0.8907,15.6536,-1.7661
LJP009_CD34_24H:L01,BRD-K70642949,GSK-2334470,CD34,trt_cp,10 uM,24 h,3,293,0.552,0.406662,1,1,1,1,0,PDK inhibitor,PDPK1|AURKA|AURKB|PDK1,-0.8896,15.6536,-1.7637
REP.B022_HUVEC.A_24H:E01,BRD-K68747584,PF-03814735,HUVEC,trt_cp,2.22 uM,24 h,2,389,0.6381,0.50379,0,0,1,1,0,Aurora kinase inhibitor,AURKA|AURKB,-0.8886,15.6536,-1.7619
ASG003_A549_48H:D17,BRD-K63923597,barasertib-HQPA,A549,trt_cp,1.11 uM,48 h,5,361,0.6464,0.488467,1,1,1,1,0,Aurora kinase inhibitor,AURKB|AURKC|AURKA,-0.8883,15.6536,-1.7613
ASG002_PC3_24H:N14,BRD-K11636097,JNJ-7706621,PC3,trt_cp,1.11 uM,24 h,3,353,0.6224,0.473972,1,1,1,1,0,CDK inhibitor,CDK1|CDK2|AURKA|AURKB,-0.887,15.6536,-1.7586
CPC013_HT29_6H:C17,BRD-K11636097,JNJ-7706621,HT29,trt_cp,10 uM,6 h,5,648,0.6596,0.661087,1,1,1,1,0,CDK inhibitor,CDK1|CDK2|AURKA|AURKB,-0.8853,15.6536,-1.7554
REP.A004_MCF7_24H:K20,BRD-K21718444,KW-2449,MCF7,trt_cp,3.33 uM,24 h,3,343,0.4668,0.404616,0,0,1,1,0,Abl inhibitor|Aurora kinase inhibitor|FLT3 inhibitor,FLT3|ABL1|AURKA|FGFR1|AURKB,-0.8843,15.6536,-1.7533
REP.A005_YAPC_24H:A07,BRD-K07881437,danusertib,YAPC,trt_cp,10 uM,24 h,3,375,0.5145,0.444159,0,0,1,1,0,Aurora kinase inhibitor|FGFR inhibitor,AURKA|AURKB|AURKC|FGFR1|NTRK1|RET|BCR|SLK,-0.8836,15.6536,-1.752
REP.B008_HT29_24H:C01,BRD-K36740062,GSK-1070916,HT29,trt_cp,2.22 uM,24 h,2,448,0.6064,0.527047,0,0,1,1,0,Aurora kinase inhibitor,AURKB|AURKC|AURKA|CYP2D6|CYP3A4,-0.8795,15.6536,-1.7439
CPC014_A549_24H:BRD-K77286328-001-02-9:10,BRD-K77286328,reversine,A549,trt_cp,10 uM,24 h,3,103,0.37,0.197401,0,0,1,1,0,Aurora kinase inhibitor,AURKB|ADORA3|AURKA|INCENP|MAP2K1,-0.8742,15.6536,-1.7333
CPC013_A549_24H:BRD-K71512533-001-01-7:10,BRD-K71512533,SNS-314,A549,trt_cp,10 uM,24 h,3,310,0.41,0.360498,0,0,1,1,0,Aurora kinase inhibitor,AURKA|AURKB|AURKC,-0.8718,15.6536,-1.7285
LKCP002_A549_24H:N01,BRD-K07881437,danusertib,A549,trt_cp,10 uM,24 h,5,596,0.569,0.588857,1,1,1,1,0,Aurora kinase inhibitor|FGFR inhibitor,AURKA|AURKB|AURKC|FGFR1|NTRK1|RET|BCR|SLK,-0.8711,15.6536,-1.7271
CPC014_MCF7_24H:BRD-K77286328-001-02-9:10,BRD-K77286328,reversine,MCF7,trt_cp,10 uM,24 h,3,161,0.36,0.243442,1,1,1,1,0,Aurora kinase inhibitor,AURKB|ADORA3|AURKA|INCENP|MAP2K1,-0.8696,15.6536,-1.7242
PCLB003_A375_24H:BRD-K24576554-001-01-4:10,BRD-K24576554,AT-9283,A375,trt_cp,10 uM,24 h,3,684,0.62,0.658498,1,1,1,1,0,Aurora kinase inhibitor|Abl inhibitor|Bcr-Abl inhibitor|FLT3 inhibitor|JAK inhibitor|Protein kinase inhibitor|Tubulin inhibitor,JAK2|AURKA|AURKB|JAK3|ABL1|BCR|FLT3|RPS6KA6|STK17A,-0.8695,15.6536,-1.7239
LJP009_CD34_24H:M01,BRD-K72703948,ZM-447439,CD34,trt_cp,10 uM,24 h,3,249,0.5071,0.359316,1,1,1,1,0,Aurora kinase inhibitor,AURKA|AURKB,-0.8569,15.6536,-1.6991
AICHI001_OCILY19_24H:D12,BRD-K63923597,barasertib-HQPA,OCILY19,trt_cp,0.01 uM,24 h,3,441,0.73,0.573735,0,0,1,1,0,Aurora kinase inhibitor,AURKB|AURKC|AURKA,-0.8431,15.6536,-1.6716
REP.B022_HT29_24H:E01,BRD-K68747584,PF-03814735,HT29,trt_cp,2.22 uM,24 h,2,452,0.6707,0.556755,1,1,1,1,0,Aurora kinase inhibitor,AURKA|AURKB,-0.8418,15.6536,-1.669
REP.A022_PC3_24H:E03,BRD-K68747584,PF-03814735,PC3,trt_cp,1.11 uM,24 h,3,281,0.5439,0.395315,1,1,1,1,0,Aurora kinase inhibitor,AURKA|AURKB,-0.8387,15.6536,-1.6629
CPC013_SKB_24H:BRD-K72703948-001-03-6:10,BRD-K72703948,ZM-447439,SKB,trt_cp,10 uM,24 h,4,245,0.39,0.312569,0,0,1,1,0,Aurora kinase inhibitor,AURKA|AURKB,-0.8358,15.6536,-1.6572
CPC013_MCF7_6H:BRD-K07881437-001-01-2:10,BRD-K07881437,danusertib,MCF7,trt_cp,10 uM,6 h,4,277,0.36,0.319317,1,1,1,1,0,Aurora kinase inhibitor|FGFR inhibitor,AURKA|AURKB|AURKC|FGFR1|NTRK1|RET|BCR|SLK,-0.8353,15.6536,-1.6562
CPC013_A375_6H:BRD-K11636097-001-01-5:10,BRD-K11636097,JNJ-7706621,A375,trt_cp,10 uM,6 h,3,654,0.76,0.712896,1,1,1,1,0,CDK inhibitor,CDK1|CDK2|AURKA|AURKB,-0.8292,15.6536,-1.644
REP.A006_HELA_24H:P21,BRD-K24576554,AT-9283,HELA,trt_cp,1.11 uM,24 h,3,277,0.4793,0.368446,1,1,1,1,0,Aurora kinase inhibitor|Abl inhibitor|Bcr-Abl inhibitor|FLT3 inhibitor|JAK inhibitor|Protein kinase inhibitor|Tubulin inhibitor,JAK2|AURKA|AURKB|JAK3|ABL1|BCR|FLT3|RPS6KA6|STK17A,-0.8274,15.6536,-1.6406
PCLB002_HEPG2_24H:BRD-K72703948:10,BRD-K72703948,ZM-447439,HEPG2,trt_cp,10 uM,24 h,3,358,0.65,0.487785,1,1,1,1,0,Aurora kinase inhibitor,AURKA|AURKB,-0.8194,15.6536,-1.6247
CPC013_HEPG2_6H:BRD-K11636097-001-01-5:10,BRD-K11636097,JNJ-7706621,HEPG2,trt_cp,10 uM,6 h,3,606,0.7,0.658591,1,1,1,1,0,CDK inhibitor,CDK1|CDK2|AURKA|AURKB,-0.8137,15.6536,-1.6133
LJP009_NPC.CAS9_24H:L01,BRD-K70642949,GSK-2334470,NPC,trt_cp,10 uM,24 h,3,314,0.5693,0.427529,1,1,1,1,0,PDK inhibitor,PDPK1|AURKA|AURKB|PDK1,-0.8127,15.6536,-1.6112
REP.A005_HELA_24H:A07,BRD-K07881437,danusertib,HELA,trt_cp,10 uM,24 h,3,300,0.5358,0.405408,1,1,1,1,0,Aurora kinase inhibitor|FGFR inhibitor,AURKA|AURKB|AURKC|FGFR1|NTRK1|RET|BCR|SLK,-0.8088,15.6536,-1.6036
REP.B006_MCF7_24H:P22,BRD-K24576554,AT-9283,MCF7,trt_cp,0.08 uM,24 h,2,231,0.414,0.312706,0,0,1,1,0,Aurora kinase inhibitor|Abl inhibitor|Bcr-Abl inhibitor|FLT3 inhibitor|JAK inhibitor|Protein kinase inhibitor|Tubulin inhibitor,JAK2|AURKA|AURKB|JAK3|ABL1|BCR|FLT3|RPS6KA6|STK17A,-0.8087,15.6536,-1.6035
PCLB002_HCC515_24H:BRD-K72703948:10,BRD-K72703948,ZM-447439,HCC515,trt_cp,10 uM,24 h,3,370,0.57,0.464375,0,0,1,1,0,Aurora kinase inhibitor,AURKA|AURKB,-0.8052,15.6536,-1.5965
CPC013_HA1E_6H:BRD-K11636097-001-01-5:10,BRD-K11636097,JNJ-7706621,HA1E,trt_cp,10 uM,6 h,3,472,0.63,0.551406,0,0,1,1,0,CDK inhibitor,CDK1|CDK2|AURKA|AURKB,-0.8007,15.6536,-1.5875
CPC014_VCAP_24H:BRD-K77286328-001-02-9:10,BRD-K77286328,reversine,VCAP,trt_cp,10 uM,24 h,4,183,0.38,0.266654,0,0,1,1,0,Aurora kinase inhibitor,AURKB|ADORA3|AURKA|INCENP|MAP2K1,-0.7991,15.6536,-1.5845
REP.A022_HELA_24H:E03,BRD-K68747584,PF-03814735,HELA,trt_cp,1.11 uM,24 h,3,371,0.5445,0.454482,1,1,1,1,0,Aurora kinase inhibitor,AURKA|AURKB,-0.7974,15.6536,-1.581
MOAR006_A375_24H:A10,BRD-K21728777,AMG-900,A375,trt_cp,10 uM,24 h,3,435,0.64,0.533538,1,1,1,1,0,Aurora kinase inhibitor,AURKA|AURKB|AURKC,-0.7932,15.6536,-1.5727
CPC014_ASC_24H:BRD-K63923597-001-04-3:10,BRD-K63923597,barasertib-HQPA,ASC,trt_cp,10 uM,24 h,3,156,0.14,0.149437,1,0,1,1,0,Aurora kinase inhibitor,AURKB|AURKC|AURKA,-0.7908,15.6536,-1.568
AICHI002_MINO_24H:B07,BRD-K72703948,ZM-447439,MINO,trt_cp,10 uM,24 h,3,456,0.63,0.54198,1,1,1,1,0,Aurora kinase inhibitor,AURKA|AURKB,-0.7881,15.6536,-1.5625
CPC013_HCC515_6H:BRD-K11636097-001-01-5:10,BRD-K11636097,JNJ-7706621,HCC515,trt_cp,10 uM,6 h,3,390,0.47,0.432924,0,0,1,1,0,CDK inhibitor,CDK1|CDK2|AURKA|AURKB,-0.7859,15.6536,-1.5582
REP.A006_YAPC_24H:P19,BRD-K24576554,AT-9283,YAPC,trt_cp,10 uM,24 h,3,581,0.7466,0.665982,1,1,1,1,0,Aurora kinase inhibitor|Abl inhibitor|Bcr-Abl inhibitor|FLT3 inhibitor|JAK inhibitor|Protein kinase inhibitor|Tubulin inhibitor,JAK2|AURKA|AURKB|JAK3|ABL1|BCR|FLT3|RPS6KA6|STK17A,-0.7843,15.6536,-1.5551
LJP009_ASC_24H:L01,BRD-K70642949,GSK-2334470,ASC,trt_cp,10 uM,24 h,2,114,0.5115,0.244178,1,1,1,1,0,PDK inhibitor,PDPK1|AURKA|AURKB|PDK1,-0.7832,15.6536,-1.5528
REP.B022_MCF7_24H:E01,BRD-K68747584,PF-03814735,MCF7,trt_cp,2.22 uM,24 h,2,416,0.6259,0.515976,1,1,1,1,0,Aurora kinase inhibitor,AURKA|AURKB,-0.7777,15.6536,-1.542
PCLB002_MCF7_24H:BRD-K72703948:10,BRD-K72703948,ZM-447439,MCF7,trt_cp,10 uM,24 h,3,289,0.51,0.388208,1,1,1,1,0,Aurora kinase inhibitor,AURKA|AURKB,-0.7723,15.6536,-1.5313
REP.A004_HT29_24H:K19,BRD-K21718444,KW-2449,HT29,trt_cp,10 uM,24 h,2,333,0.5072,0.415568,0,0,1,1,0,Abl inhibitor|Aurora kinase inhibitor|FLT3 inhibitor,FLT3|ABL1|AURKA|FGFR1|AURKB,-0.7696,15.6536,-1.5259
LJP008_HEPG2_24H:C01,BRD-K36740062,GSK-1070916,HEPG2,trt_cp,10 uM,24 h,2,266,0.6741,0.428187,1,1,1,1,0,Aurora kinase inhibitor,AURKB|AURKC|AURKA|CYP2D6|CYP3A4,-0.7695,15.6536,-1.5258
CPC014_ASC_24H:BRD-K77286328-001-02-9:10,BRD-K77286328,reversine,ASC,trt_cp,10 uM,24 h,3,281,0.43,0.351494,1,1,1,1,0,Aurora kinase inhibitor,AURKB|ADORA3|AURKA|INCENP|MAP2K1,-0.7663,15.6536,-1.5194
ASG003_U2OS_48H:L22,BRD-K11636097,JNJ-7706621,U2OS,trt_cp,10 uM,48 h,5,772,0.8019,0.795608,0,0,1,1,0,CDK inhibitor,CDK1|CDK2|AURKA|AURKB,-0.7662,15.6536,-1.5192
REP.A022_A549_24H:E02,BRD-K68747584,PF-03814735,A549,trt_cp,3.33 uM,24 h,3,452,0.6457,0.54628,1,1,1,1,0,Aurora kinase inhibitor,AURKA|AURKB,-0.761,15.6536,-1.5088
ASG003_U2OS_48H:D17,BRD-K63923597,barasertib-HQPA,U2OS,trt_cp,1.11 uM,48 h,5,214,0.4654,0.319118,0,0,1,1,0,Aurora kinase inhibitor,AURKB|AURKC|AURKA,-0.7589,15.6536,-1.5046
CPC013_HT29_6H:E19,BRD-K07881437,danusertib,HT29,trt_cp,10 uM,6 h,5,342,0.4234,0.384786,1,1,1,1,0,Aurora kinase inhibitor|FGFR inhibitor,AURKA|AURKB|AURKC|FGFR1|NTRK1|RET|BCR|SLK,-0.7546,15.6536,-1.4961
LJP009_MCF10A_24H:L01,BRD-K70642949,GSK-2334470,MCF10A,trt_cp,10 uM,24 h,2,243,0.4975,0.351585,1,1,1,1,0,PDK inhibitor,PDPK1|AURKA|AURKB|PDK1,-0.7513,15.6536,-1.4896
CPC015_SKB_24H:BRD-K42500029-001-01-9:10,BRD-K42500029,CGP-57380,SKB,trt_cp,10 uM,24 h,2,84,0.36,0.175842,0,0,1,1,0,MAP kinase inhibitor,MKNK1|AURKB|LCK|MKNK2|SGK1,-0.7375,15.6536,-1.4623
LJP007_MCF10A_24H:G01,BRD-K21718444,KW-2449,MCF10A,trt_cp,10 uM,24 h,3,372,0.5822,0.470585,1,1,1,1,0,Abl inhibitor|Aurora kinase inhibitor|FLT3 inhibitor,FLT3|ABL1|AURKA|FGFR1|AURKB,-0.7362,15.6536,-1.4596
PCLB002_HEPG2_24H:BRD-K63923597:0.12,BRD-K63923597,barasertib-HQPA,HEPG2,trt_cp,0.12 uM,24 h,3,125,0.27,0.185767,1,1,1,1,0,Aurora kinase inhibitor,AURKB|AURKC|AURKA,-0.7345,15.6536,-1.4564
LJP001_MDAMB231_24H:BRD-K36740062-001-02-5:10,BRD-K36740062,GSK-1070916,MDAMB231,trt_cp,10 uM,24 h,4,359,0.54,0.44522,1,1,1,1,0,Aurora kinase inhibitor,AURKB|AURKC|AURKA|CYP2D6|CYP3A4,-0.7326,15.6536,-1.4526
LJP009_PC3_24H:L01,BRD-K70642949,GSK-2334470,PC3,trt_cp,10 uM,24 h,3,344,0.6964,0.494925,1,1,1,1,0,PDK inhibitor,PDPK1|AURKA|AURKB|PDK1,-0.7287,15.6536,-1.4448
LJP009_HELA_24H:M01,BRD-K72703948,ZM-447439,HELA,trt_cp,10 uM,24 h,3,283,0.3594,0.322487,1,1,1,1,0,Aurora kinase inhibitor,AURKA|AURKB,-0.7249,15.6536,-1.4373
CPC013_HEPG2_6H:BRD-K07881437-001-01-2:10,BRD-K07881437,danusertib,HEPG2,trt_cp,10 uM,6 h,3,125,0.32,0.202237,1,1,1,1,0,Aurora kinase inhibitor|FGFR inhibitor,AURKA|AURKB|AURKC|FGFR1|NTRK1|RET|BCR|SLK,-0.7226,15.6536,-1.4327
REP.B022_YAPC_24H:E01,BRD-K68747584,PF-03814735,YAPC,trt_cp,2.22 uM,24 h,2,412,0.6328,0.516312,0,0,1,1,0,Aurora kinase inhibitor,AURKA|AURKB,-0.7226,15.6536,-1.4326
PCLB003_HEPG2_24H:BRD-K24576554-001-01-4:0.37,BRD-K24576554,AT-9283,HEPG2,trt_cp,0.37 uM,24 h,3,282,0.47,0.368132,1,1,1,1,0,Aurora kinase inhibitor|Abl inhibitor|Bcr-Abl inhibitor|FLT3 inhibitor|JAK inhibitor|Protein kinase inhibitor|Tubulin inhibitor,JAK2|AURKA|AURKB|JAK3|ABL1|BCR|FLT3|RPS6KA6|STK17A,-0.7217,15.6536,-1.4308
REP.A004_YAPC_24H:K19,BRD-K21718444,KW-2449,YAPC,trt_cp,10 uM,24 h,3,281,0.2894,0.288359,0,0,1,1,0,Abl inhibitor|Aurora kinase inhibitor|FLT3 inhibitor,FLT3|ABL1|AURKA|FGFR1|AURKB,-0.7199,15.3525,-1.4273
LJP008_NPC.TAK_24H:C02,BRD-K36740062,GSK-1070916,NPC,trt_cp,3.33 uM,24 h,3,305,0.5032,0.396142,1,1,1,1,0,Aurora kinase inhibitor,AURKB|AURKC|AURKA|CYP2D6|CYP3A4,-0.7173,15.3525,-1.4222
CPC013_SKB_24H:BRD-K59369769-001-07-0:10,BRD-K59369769,tozasertib,SKB,trt_cp,10 uM,24 h,4,196,0.42,0.290124,0,0,1,1,0,Aurora kinase inhibitor|Bcr-Abl inhibitor|FLT3 inhibitor|JAK inhibitor,AURKA|AURKB|ABL1|AURKC|BCR|FLT3|JAK2|DDR2|LCK,-0.7104,15.3525,-1.4086
LJP008_HUVEC_24H:C05,BRD-K36740062,GSK-1070916,HUVEC,trt_cp,0.12 uM,24 h,3,179,0.3448,0.251212,1,1,1,1,0,Aurora kinase inhibitor,AURKB|AURKC|AURKA|CYP2D6|CYP3A4,-0.7091,15.3525,-1.4059
LJP009_SKL.C_24H:M01,BRD-K72703948,ZM-447439,SKL,trt_cp,10 uM,24 h,3,275,0.4212,0.344145,1,1,1,1,0,Aurora kinase inhibitor,AURKA|AURKB,-0.7042,4.6092,-1.3962
REP.B008_HELA_24H:C13,BRD-K31928526,barasertib,HELA,trt_cp,2.22 uM,24 h,2,80,0.1491,0.110437,0,0,1,1,0,Aurora kinase inhibitor,AURKB|AURKA,-0.6906,3.878,-1.3692
REP.B008_YAPC_24H:C01,BRD-K36740062,GSK-1070916,YAPC,trt_cp,2.22 uM,24 h,2,203,0.4888,0.318525,1,1,1,1,0,Aurora kinase inhibitor,AURKB|AURKC|AURKA|CYP2D6|CYP3A4,-0.6732,3.5515,-1.3347
PCLB002_HT29_24H:BRD-K72703948:10,BRD-K72703948,ZM-447439,HT29,trt_cp,10 uM,24 h,3,282,0.42,0.348,0,0,1,1,0,Aurora kinase inhibitor,AURKA|AURKB,-0.6729,3.5475,-1.3341
CPC013_VCAP_24H:BRD-K07881437-001-01-2:10,BRD-K07881437,danusertib,VCAP,trt_cp,10 uM,24 h,4,410,0.5,0.457833,0,0,1,1,0,Aurora kinase inhibitor|FGFR inhibitor,AURKA|AURKB|AURKC|FGFR1|NTRK1|RET|BCR|SLK,-0.6719,3.5357,-1.3322
LJP007_MDAMB231_24H:G01,BRD-K21718444,KW-2449,MDAMB231,trt_cp,10 uM,24 h,2,358,0.661,0.491895,1,1,1,1,0,Abl inhibitor|Aurora kinase inhibitor|FLT3 inhibitor,FLT3|ABL1|AURKA|FGFR1|AURKB,-0.6668,3.4851,-1.322
LJP007_HEK293_24H:G01,BRD-K21718444,KW-2449,HEK293,trt_cp,10 uM,24 h,2,161,0.3972,0.25571,1,1,1,1,0,Abl inhibitor|Aurora kinase inhibitor|FLT3 inhibitor,FLT3|ABL1|AURKA|FGFR1|AURKB,-0.655,3.3925,-1.2986
CPC015_ASC_24H:BRD-K42500029-001-01-9:10,BRD-K42500029,CGP-57380,ASC,trt_cp,10 uM,24 h,4,189,0.14,0.164485,0,0,1,1,0,MAP kinase inhibitor,MKNK1|AURKB|LCK|MKNK2|SGK1,-0.651,3.3414,-1.2907
CPC013_PC3_6H:BRD-K07881437-001-01-2:10,BRD-K07881437,danusertib,PC3,trt_cp,10 uM,6 h,5,357,0.45,0.405295,1,1,1,1,0,Aurora kinase inhibitor|FGFR inhibitor,AURKA|AURKB|AURKC|FGFR1|NTRK1|RET|BCR|SLK,-0.6499,3.3249,-1.2885
LJP009_JURKAT_24H:L01,BRD-K70642949,GSK-2334470,JURKAT,trt_cp,10 uM,24 h,3,391,0.5768,0.48021,1,1,1,1,0,PDK inhibitor,PDPK1|AURKA|AURKB|PDK1,-0.6481,3.2956,-1.285
PCLB002_PC3_24H:BRD-K72703948:10,BRD-K72703948,ZM-447439,PC3,trt_cp,10 uM,24 h,3,144,0.43,0.251621,1,1,1,1,0,Aurora kinase inhibitor,AURKA|AURKB,-0.6466,3.2569,-1.2821
LJP008_HELA_24H:C02,BRD-K36740062,GSK-1070916,HELA,trt_cp,3.33 uM,24 h,3,130,0.4019,0.231133,1,1,1,1,0,Aurora kinase inhibitor,AURKB|AURKC|AURKA|CYP2D6|CYP3A4,-0.6377,3.0097,-1.2644
LKCP002_A549_24H:K05,BRD-K24576554,AT-9283,A549,trt_cp,1.11 uM,24 h,5,320,0.4887,0.399877,1,1,1,1,0,Aurora kinase inhibitor|Abl inhibitor|Bcr-Abl inhibitor|FLT3 inhibitor|JAK inhibitor|Protein kinase inhibitor|Tubulin inhibitor,JAK2|AURKA|AURKB|JAK3|ABL1|BCR|FLT3|RPS6KA6|STK17A,-0.6376,3.0061,-1.2642
LJP009_SKL_24H:L01,BRD-K70642949,GSK-2334470,SKL,trt_cp,10 uM,24 h,3,255,0.5566,0.380954,1,1,1,1,0,PDK inhibitor,PDPK1|AURKA|AURKB|PDK1,-0.636,2.9011,-1.2609
LJP007_THP1_24H:G01,BRD-K21718444,KW-2449,THP1,trt_cp,10 uM,24 h,3,512,0.735,0.620311,1,1,1,1,0,Abl inhibitor|Aurora kinase inhibitor|FLT3 inhibitor,FLT3|ABL1|AURKA|FGFR1|AURKB,-0.6213,2.6567,-1.2318
AICHI002_SKMEL5_24H:B07,BRD-K72703948,ZM-447439,SKMEL5,trt_cp,10 uM,24 h,3,235,0.54,0.360215,1,1,1,1,0,Aurora kinase inhibitor,AURKA|AURKB,-0.6171,2.6062,-1.2236
AICHI001_NALM6_24H:D08,BRD-K63923597,barasertib-HQPA,NALM6,trt_cp,2.5 uM,24 h,3,51,0.22,0.107109,1,1,1,1,0,Aurora kinase inhibitor,AURKB|AURKC|AURKA,-0.6109,2.5034,-1.2112
LJP008_HCC515_24H:C01,BRD-K36740062,GSK-1070916,HCC515,trt_cp,10 uM,24 h,3,345,0.5883,0.455554,1,1,1,1,0,Aurora kinase inhibitor,AURKB|AURKC|AURKA|CYP2D6|CYP3A4,-0.6066,2.414,-1.2027
REP.A007_MCF7_24H:K02,BRD-K53665955,MK-5108,MCF7,trt_cp,3.33 uM,24 h,3,241,0.4748,0.342054,1,1,1,1,0,Aurora kinase inhibitor,AURKA|AURKB|AURKC,-0.6037,2.3454,-1.197
CPC014_SKB_24H:BRD-K63923597-001-04-3:10,BRD-K63923597,barasertib-HQPA,SKB,trt_cp,10 uM,24 h,4,109,0.17,0.137647,0,0,1,1,0,Aurora kinase inhibitor,AURKB|AURKC|AURKA,-0.6025,2.3263,-1.1946
REP.B008_MDAMB231_24H:C13,BRD-K31928526,barasertib,MDAMB231,trt_cp,2.22 uM,24 h,2,66,0.0414,0.052857,1,1,1,1,0,Aurora kinase inhibitor,AURKB|AURKA,-0.5999,2.2737,-1.1894
LJP007_JURKAT_24H:G01,BRD-K21718444,KW-2449,JURKAT,trt_cp,10 uM,24 h,2,329,0.5567,0.432752,0,0,1,1,0,Abl inhibitor|Aurora kinase inhibitor|FLT3 inhibitor,FLT3|ABL1|AURKA|FGFR1|AURKB,-0.5911,2.1387,-1.172
PCLB003_A549_24H:BRD-K53665955-001-01-4:10,BRD-K53665955,MK-5108,A549,trt_cp,10 uM,24 h,3,305,0.4,0.353192,1,1,1,1,0,Aurora kinase inhibitor,AURKA|AURKB|AURKC,-0.5883,2.1261,-1.1663
LJP008_CD34_24H:C03,BRD-K36740062,GSK-1070916,CD34,trt_cp,1.11 uM,24 h,3,230,0.4844,0.337518,0,0,1,1,0,Aurora kinase inhibitor,AURKB|AURKC|AURKA|CYP2D6|CYP3A4,-0.5847,2.0869,-1.1593
CPC006_NOMO1_6H:BRD-K55966568-001-01-3:6,BRD-K55966568,orantinib,NOMO1,trt_cp,6.66 uM,6 h,2,695,0.64,0.674393,1,1,1,1,0,PDGFR inhibitor|FGFR inhibitor|VEGFR inhibitor,KDR|PDGFRB|FGFR1|AURKA|AURKB|PDGFRA|TBK1|EGFR|FGFR2,-0.5777,1.9628,-1.1454
REP.B022_HA1E_24H:E01,BRD-K68747584,PF-03814735,HA1E,trt_cp,2.22 uM,24 h,2,308,0.568,0.422941,1,1,1,1,0,Aurora kinase inhibitor,AURKA|AURKB,-0.5732,1.9281,-1.1365
CPC013_VCAP_6H:BRD-K63923597-001-02-7:10,BRD-K63923597,barasertib-HQPA,VCAP,trt_cp,10 uM,6 h,4,212,0.15,0.18032,0,0,1,1,0,Aurora kinase inhibitor,AURKB|AURKC|AURKA,-0.5678,1.8876,-1.1257
PAC002_U2OS_6H:BRD-K42500029-001-01-9:10,BRD-K42500029,CGP-57380,U2OS,trt_cp,10 uM,6 h,2,155,0.4,0.251783,0,0,1,1,0,MAP kinase inhibitor,MKNK1|AURKB|LCK|MKNK2|SGK1,-0.5648,1.8738,-1.1198
LJP009_NEU_24H:L01,BRD-K70642949,GSK-2334470,NEU,trt_cp,10 uM,24 h,3,271,0.3539,0.313152,0,0,1,1,0,PDK inhibitor,PDPK1|AURKA|AURKB|PDK1,-0.5638,1.8426,-1.1179
CPC003_VCAP_6H:BRD-K33193182-001-02-5:10,BRD-K33193182,methylnorlichexanthone,VCAP,trt_cp,10 uM,6 h,5,509,0.09,0.216427,0,0,1,1,0,Aurora kinase inhibitor|PIM inhibitor|VEGFR inhibitor,AURKB|PIM1,-0.5623,1.8368,-1.1149
CPC013_ASC_24H:BRD-K71512533-001-01-7:10,BRD-K71512533,SNS-314,ASC,trt_cp,10 uM,24 h,4,282,0.46,0.364195,0,0,1,1,0,Aurora kinase inhibitor,AURKA|AURKB|AURKC,-0.5609,1.8172,-1.1121
LJP009_JURKAT_24H:M01,BRD-K72703948,ZM-447439,JURKAT,trt_cp,10 uM,24 h,3,170,0.2626,0.21365,1,1,1,1,0,Aurora kinase inhibitor,AURKA|AURKB,-0.5452,1.6222,-1.0809
CPC014_PHH_24H:BRD-K63923597-001-04-3:10,BRD-K63923597,barasertib-HQPA,PHH,trt_cp,10 uM,24 h,4,182,0.24,0.211335,0,0,1,1,0,Aurora kinase inhibitor,AURKB|AURKC|AURKA,-0.5437,1.6008,-1.0781
CPC013_SKB_24H:BRD-K07881437-001-01-2:10,BRD-K07881437,danusertib,SKB,trt_cp,10 uM,24 h,4,362,0.44,0.403563,0,0,1,1,0,Aurora kinase inhibitor|FGFR inhibitor,AURKA|AURKB|AURKC|FGFR1|NTRK1|RET|BCR|SLK,-0.5433,1.5947,-1.0771
REP.B014_PC3_24H:A18,BRD-K55966568,orantinib,PC3,trt_cp,0.01 uM,24 h,2,95,0.1446,0.118516,1,1,1,1,0,PDGFR inhibitor|FGFR inhibitor|VEGFR inhibitor,KDR|PDGFRB|FGFR1|AURKA|AURKB|PDGFRA|TBK1|EGFR|FGFR2,-0.5405,1.5548,-1.0716
CPC006_HCT116_6H:BRD-K70642949-001-01-1:0.1,BRD-K70642949,GSK-2334470,HCT116,trt_cp,0.12 uM,6 h,2,373,0.12,0.213932,0,0,1,1,0,PDK inhibitor,PDPK1|AURKA|AURKB|PDK1,-0.5387,1.5339,-1.0681
LJP009_NPC.TAK_24H:M04,BRD-K72703948,ZM-447439,NPC,trt_cp,0.37 uM,24 h,3,151,0.3473,0.231564,1,1,1,1,0,Aurora kinase inhibitor,AURKA|AURKB,-0.5336,1.4953,-1.0579
LJP002_SKBR3_6H:BRD-K72703948-001-05-1:10,BRD-K72703948,ZM-447439,SKBR3,trt_cp,10 uM,6 h,3,235,0.45,0.328829,0,0,1,1,0,Aurora kinase inhibitor,AURKA|AURKB,-0.5285,1.4446,-1.0479
LKCP002_U2OS_24H:N03,BRD-K07881437,danusertib,U2OS,trt_cp,0.08 uM,24 h,5,245,0.3702,0.304531,0,0,1,1,0,Aurora kinase inhibitor|FGFR inhibitor,AURKA|AURKB|AURKC|FGFR1|NTRK1|RET|BCR|SLK,-0.5244,1.4103,-1.0398
LJP008_ASC.C_24H:C01,BRD-K36740062,GSK-1070916,ASC,trt_cp,10 uM,24 h,2,401,0.4855,0.446167,1,1,1,1,0,Aurora kinase inhibitor,AURKB|AURKC|AURKA|CYP2D6|CYP3A4,-0.522,1.3966,-1.035
LJP009_HEK293_24H:L01,BRD-K70642949,GSK-2334470,HEK293,trt_cp,10 uM,24 h,3,339,0.4921,0.413007,1,1,1,1,0,PDK inhibitor,PDPK1|AURKA|AURKB|PDK1,-0.5142,1.3257,-1.0196
CPC014_NEU_24H:BRD-K36740062-001-01-7:10,BRD-K36740062,GSK-1070916,NEU,trt_cp,10 uM,24 h,2,118,0.31,0.193398,0,0,1,1,0,Aurora kinase inhibitor,AURKB|AURKC|AURKA|CYP2D6|CYP3A4,-0.5119,1.3121,-1.0149
REP.A022_MDAMB231_24H:E01,BRD-K68747584,PF-03814735,MDAMB231,trt_cp,10 uM,24 h,3,529,0.6159,0.577183,0,0,1,1,0,Aurora kinase inhibitor,AURKA|AURKB,-0.5107,1.2975,-1.0126
LJP001_MCF7_24H:BRD-K63923597-001-06-8:2,BRD-K63923597,barasertib-HQPA,MCF7,trt_cp,2.22 uM,24 h,2,178,0.5,0.301665,1,1,1,1,0,Aurora kinase inhibitor,AURKB|AURKC|AURKA,-0.5082,1.2708,-1.0076
LJP009_HME1_24H:L01,BRD-K70642949,GSK-2334470,HME1,trt_cp,10 uM,24 h,3,281,0.4712,0.367948,1,1,1,1,0,PDK inhibitor,PDPK1|AURKA|AURKB|PDK1,-0.5067,1.2561,-1.0046
LJP009_HCC515_24H:L06,BRD-K70642949,GSK-2334470,HCC515,trt_cp,0.04 uM,24 h,3,100,0.3228,0.181676,1,1,1,1,0,PDK inhibitor,PDPK1|AURKA|AURKB|PDK1,-0.5058,1.2469,-1.0029
LJP005_HS578T_3H:D10,BRD-K63923597,barasertib-HQPA,HS578T,trt_cp,0.37 uM,3 h,2,351,0.2193,0.280546,1,1,1,1,0,Aurora kinase inhibitor,AURKB|AURKC|AURKA,-0.5027,1.2284,-0.9967
CPC013_HCC515_6H:BRD-K07881437-001-01-2:10,BRD-K07881437,danusertib,HCC515,trt_cp,10 uM,6 h,3,557,0.49,0.52827,0,0,1,1,0,Aurora kinase inhibitor|FGFR inhibitor,AURKA|AURKB|AURKC|FGFR1|NTRK1|RET|BCR|SLK,-0.496,1.1814,-0.9833
REP.B014_A375_24H:A14,BRD-K55966568,orantinib,A375,trt_cp,0.74 uM,24 h,2,126,0.3224,0.203804,1,1,1,1,0,PDGFR inhibitor|FGFR inhibitor|VEGFR inhibitor,KDR|PDGFRB|FGFR1|AURKA|AURKB|PDGFRA|TBK1|EGFR|FGFR2,-0.4929,1.1552,-0.9772
CPC006_NCIH508_6H:BRD-K70642949-001-01-1:0.1,BRD-K70642949,GSK-2334470,NCIH508,trt_cp,0.12 uM,6 h,2,43,0.19,0.091399,1,0,1,1,0,PDK inhibitor,PDPK1|AURKA|AURKB|PDK1,-0.4718,0.9823,-0.9354
AICHI002_NALM6_24H:B07,BRD-K72703948,ZM-447439,NALM6,trt_cp,10 uM,24 h,3,409,0.44,0.428962,1,0,1,1,0,Aurora kinase inhibitor,AURKA|AURKB,-0.4491,0.8362,-0.8905
CPC015_A375_6H:BRD-K42500029-001-01-9:10,BRD-K42500029,CGP-57380,A375,trt_cp,10 uM,6 h,3,326,0.39,0.360555,1,1,1,1,0,MAP kinase inhibitor,MKNK1|AURKB|LCK|MKNK2|SGK1,-0.4482,0.8312,-0.8886
CPC014_SKB_24H:BRD-K77286328-001-02-9:10,BRD-K77286328,reversine,SKB,trt_cp,10 uM,24 h,3,226,0.54,0.35325,0,0,1,1,0,Aurora kinase inhibitor,AURKB|ADORA3|AURKA|INCENP|MAP2K1,-0.4422,0.7934,-0.8768
LUNG001_A549_24H:BRD-K42500029:10,BRD-K42500029,CGP-57380,A549,trt_cp,10 uM,24 h,2,82,0.2785,0.152809,1,1,1,1,0,MAP kinase inhibitor,MKNK1|AURKB|LCK|MKNK2|SGK1,-0.4327,0.7411,-0.8579
LJP007_CD34_24H:G01,BRD-K21718444,KW-2449,CD34,trt_cp,10 uM,24 h,3,508,0.6396,0.57639,0,0,1,1,0,Abl inhibitor|Aurora kinase inhibitor|FLT3 inhibitor,FLT3|ABL1|AURKA|FGFR1|AURKB,-0.4307,0.7294,-0.854
CPC014_HT29_6H:BRD-K77286328-001-02-9:10,BRD-K77286328,reversine,HT29,trt_cp,10 uM,6 h,5,343,0.39,0.369837,1,1,1,1,0,Aurora kinase inhibitor,AURKB|ADORA3|AURKA|INCENP|MAP2K1,-0.4238,0.6864,-0.8402
CPC014_PC3_6H:BRD-K77286328-001-02-9:10,BRD-K77286328,reversine,PC3,trt_cp,10 uM,6 h,4,172,0.29,0.225836,1,1,1,1,0,Aurora kinase inhibitor,AURKB|ADORA3|AURKA|INCENP|MAP2K1,-0.4226,0.6801,-0.8379
REP.B015_HELA_24H:L14,BRD-K59369769,tozasertib,HELA,trt_cp,0.74 uM,24 h,2,94,0.2093,0.141834,1,1,1,1,0,Aurora kinase inhibitor|Bcr-Abl inhibitor|FLT3 inhibitor|JAK inhibitor,AURKA|AURKB|ABL1|AURKC|BCR|FLT3|JAK2|DDR2|LCK,-0.4142,0.631,-0.8212
CPC013_HEPG2_6H:BRD-K71512533-001-01-7:10,BRD-K71512533,SNS-314,HEPG2,trt_cp,10 uM,6 h,3,180,0.47,0.294114,1,1,1,1,0,Aurora kinase inhibitor,AURKA|AURKB|AURKC,-0.4134,0.6277,-0.8196
REP.B008_MCF10A_24H:C01,BRD-K36740062,GSK-1070916,MCF10A,trt_cp,2.22 uM,24 h,2,211,0.4529,0.312588,0,0,1,1,0,Aurora kinase inhibitor,AURKB|AURKC|AURKA|CYP2D6|CYP3A4,-0.4124,0.6223,-0.8176
LJP007_SKL.C_24H:G01,BRD-K21718444,KW-2449,SKL,trt_cp,10 uM,24 h,3,265,0.4983,0.367451,1,1,1,1,0,Abl inhibitor|Aurora kinase inhibitor|FLT3 inhibitor,FLT3|ABL1|AURKA|FGFR1|AURKB,-0.4077,0.5977,-0.8084
REP.A015_YAPC_24H:L13,BRD-K59369769,tozasertib,YAPC,trt_cp,10 uM,24 h,3,216,0.431,0.308529,1,1,1,1,0,Aurora kinase inhibitor|Bcr-Abl inhibitor|FLT3 inhibitor|JAK inhibitor,AURKA|AURKB|ABL1|AURKC|BCR|FLT3|JAK2|DDR2|LCK,-0.4058,0.588,-0.8045
CPC014_PHH_24H:BRD-K36740062-001-01-7:10,BRD-K36740062,GSK-1070916,PHH,trt_cp,10 uM,24 h,4,71,0.1,0.085204,0,0,1,1,0,Aurora kinase inhibitor,AURKB|AURKC|AURKA|CYP2D6|CYP3A4,-0.4055,0.5874,-0.804
REP.B008_MCF10A_24H:C13,BRD-K31928526,barasertib,MCF10A,trt_cp,2.22 uM,24 h,2,58,0.1363,0.0899068,0,0,1,1,0,Aurora kinase inhibitor,AURKB|AURKA,-0.4039,0.5784,-0.8008
LJP009_SHSY5Y_24H:M01,BRD-K72703948,ZM-447439,SHSY5Y,trt_cp,10 uM,24 h,3,188,0.29,0.236107,0,0,1,1,0,Aurora kinase inhibitor,AURKA|AURKB,-0.4005,0.5601,-0.7941
CPC014_HCC515_6H:BRD-K77286328-001-02-9:10,BRD-K77286328,reversine,HCC515,trt_cp,10 uM,6 h,3,231,0.09,0.1458,1,0,1,1,0,Aurora kinase inhibitor,AURKB|ADORA3|AURKA|INCENP|MAP2K1,-0.3981,0.5477,-0.7892
REP.A008_PC3_24H:C14,BRD-K31928526,barasertib,PC3,trt_cp,3.33 uM,24 h,2,74,0.1361,0.101479,0,0,1,1,0,Aurora kinase inhibitor,AURKB|AURKA,-0.3943,0.5299,-0.7818
REP.A022_A375_24H:E05,BRD-K68747584,PF-03814735,A375,trt_cp,0.125 uM,24 h,3,228,0.4516,0.32447,1,1,1,1,0,Aurora kinase inhibitor,AURKA|AURKB,-0.3933,0.5249,-0.7798
CPC013_NEU_24H:BRD-K11636097-001-01-5:10,BRD-K11636097,JNJ-7706621,NEU,trt_cp,10 uM,24 h,2,65,0.07,0.0682082,0,0,1,1,0,CDK inhibitor,CDK1|CDK2|AURKA|AURKB,-0.3828,0.4732,-0.759
LKCP002_U2OS_24H:K05,BRD-K24576554,AT-9283,U2OS,trt_cp,1.11 uM,24 h,5,368,0.4302,0.402337,1,1,1,1,0,Aurora kinase inhibitor|Abl inhibitor|Bcr-Abl inhibitor|FLT3 inhibitor|JAK inhibitor|Protein kinase inhibitor|Tubulin inhibitor,JAK2|AURKA|AURKB|JAK3|ABL1|BCR|FLT3|RPS6KA6|STK17A,-0.3823,0.4716,-0.758
LJP002_MDAMB231_6H:BRD-K72703948-001-05-1:10,BRD-K72703948,ZM-447439,MDAMB231,trt_cp,10 uM,6 h,3,435,0.63,0.529353,0,0,1,1,0,Aurora kinase inhibitor,AURKA|AURKB,-0.3798,0.4629,-0.753
CPC013_NPC_24H:BRD-K11636097-001-01-5:10,BRD-K11636097,JNJ-7706621,NPC,trt_cp,10 uM,24 h,3,148,0.2,0.173971,0,0,1,1,0,CDK inhibitor,CDK1|CDK2|AURKA|AURKB,-0.3565,0.3635,-0.7068
CPC013_HCC515_6H:BRD-K71512533-001-01-7:10,BRD-K71512533,SNS-314,HCC515,trt_cp,10 uM,6 h,3,72,0.21,0.124339,1,0,1,1,0,Aurora kinase inhibitor,AURKA|AURKB|AURKC,-0.3525,0.3497,-0.6989
LJP007_ASC_24H:G01,BRD-K21718444,KW-2449,ASC,trt_cp,10 uM,24 h,3,242,0.5531,0.369947,0,0,1,1,0,Abl inhibitor|Aurora kinase inhibitor|FLT3 inhibitor,FLT3|ABL1|AURKA|FGFR1|AURKB,-0.3513,0.3449,-0.6964
PCLB003_HEPG2_24H:BRD-K53665955-001-01-4:10,BRD-K53665955,MK-5108,HEPG2,trt_cp,10 uM,24 h,3,211,0.36,0.278691,1,1,1,1,0,Aurora kinase inhibitor,AURKA|AURKB|AURKC,-0.3507,0.343,-0.6954
REP.A008_PC3_24H:C06,BRD-K36740062,GSK-1070916,PC3,trt_cp,0.04 uM,24 h,2,88,0.2928,0.162315,0,0,1,1,0,Aurora kinase inhibitor,AURKB|AURKC|AURKA|CYP2D6|CYP3A4,-0.3478,0.3324,-0.6896
CPC013_ASC_24H:BRD-K11636097-001-01-5:10,BRD-K11636097,JNJ-7706621,ASC,trt_cp,10 uM,24 h,4,685,0.71,0.705188,0,0,1,1,0,CDK inhibitor,CDK1|CDK2|AURKA|AURKB,-0.3329,0.2804,-0.6601
REP.A006_HA1E_24H:P21,BRD-K24576554,AT-9283,HA1E,trt_cp,1.11 uM,24 h,2,253,0.2367,0.247451,0,0,1,1,0,Aurora kinase inhibitor|Abl inhibitor|Bcr-Abl inhibitor|FLT3 inhibitor|JAK inhibitor|Protein kinase inhibitor|Tubulin inhibitor,JAK2|AURKA|AURKB|JAK3|ABL1|BCR|FLT3|RPS6KA6|STK17A,-0.3313,0.2745,-0.657
CPC006_NOMO1_6H:BRD-K70642949-001-01-1:0.1,BRD-K70642949,GSK-2334470,NOMO1,trt_cp,0.12 uM,6 h,2,36,0.17,0.0791054,1,0,1,1,0,PDK inhibitor,PDPK1|AURKA|AURKB|PDK1,-0.3252,0.255,-0.6448
LJP009_HME1_24H:M01,BRD-K72703948,ZM-447439,HME1,trt_cp,10 uM,24 h,3,164,0.4244,0.266772,1,1,1,1,0,Aurora kinase inhibitor,AURKA|AURKB,-0.3218,0.2432,-0.6381
CPC014_HEPG2_6H:BRD-K77286328-001-02-9:10,BRD-K77286328,reversine,HEPG2,trt_cp,10 uM,6 h,3,190,0.39,0.275258,0,0,1,1,0,Aurora kinase inhibitor,AURKB|ADORA3|AURKA|INCENP|MAP2K1,-0.3217,0.2427,-0.6378
MOAR005_A375_24H:O09,BRD-K63923597,barasertib-HQPA,A375,trt_cp,1.11 uM,24 h,3,203,0.49,0.318916,1,1,1,1,0,Aurora kinase inhibitor,AURKB|AURKC|AURKA,-0.3212,0.2413,-0.6369
CPC013_HA1E_6H:BRD-K71512533-001-01-7:10,BRD-K71512533,SNS-314,HA1E,trt_cp,10 uM,6 h,2,169,0.54,0.305472,0,0,1,1,0,Aurora kinase inhibitor,AURKA|AURKB|AURKC,-0.32,0.238,-0.6344
CPC004_MCF7_6H:BRD-K42500029-001-01-9:10,BRD-K42500029,CGP-57380,MCF7,trt_cp,10 uM,6 h,4,158,0.21,0.184191,1,0,1,1,0,MAP kinase inhibitor,MKNK1|AURKB|LCK|MKNK2|SGK1,-0.3139,0.2185,-0.6223
CPC013_ASC_24H:BRD-K59369769-001-07-0:10,BRD-K59369769,tozasertib,ASC,trt_cp,10 uM,24 h,4,270,0.44,0.348529,1,1,1,1,0,Aurora kinase inhibitor|Bcr-Abl inhibitor|FLT3 inhibitor|JAK inhibitor,AURKA|AURKB|ABL1|AURKC|BCR|FLT3|JAK2|DDR2|LCK,-0.3117,0.2133,-0.6181
REP.A006_PC3_24H:P24,BRD-K24576554,AT-9283,PC3,trt_cp,0.04 uM,24 h,3,191,0.3107,0.24633,1,1,1,1,0,Aurora kinase inhibitor|Abl inhibitor|Bcr-Abl inhibitor|FLT3 inhibitor|JAK inhibitor|Protein kinase inhibitor|Tubulin inhibitor,JAK2|AURKA|AURKB|JAK3|ABL1|BCR|FLT3|RPS6KA6|STK17A,-0.3114,0.2123,-0.6175
LJP009_MCF10A_24H:M06,BRD-K72703948,ZM-447439,MCF10A,trt_cp,0.04 uM,24 h,2,40,0.1304,0.0730297,0,0,1,1,0,Aurora kinase inhibitor,AURKA|AURKB,-0.3059,0.1974,-0.6065
REP.B008_YAPC_24H:C16,BRD-K31928526,barasertib,YAPC,trt_cp,0.08 uM,24 h,2,155,0.0285,0.0672077,0,0,1,1,0,Aurora kinase inhibitor,AURKB|AURKA,-0.2899,0.1561,-0.5748
CPC006_SW480_6H:BRD-K55966568-001-01-3:6,BRD-K55966568,orantinib,SW480,trt_cp,6.66 uM,6 h,2,58,0.11,0.0807683,0,0,1,1,0,PDGFR inhibitor|FGFR inhibitor|VEGFR inhibitor,KDR|PDGFRB|FGFR1|AURKA|AURKB|PDGFRA|TBK1|EGFR|FGFR2,-0.2885,0.1526,-0.572
PCLB002_HCC515_24H:BRD-K63923597:1.11,BRD-K63923597,barasertib-HQPA,HCC515,trt_cp,1.11 uM,24 h,3,96,0.21,0.143574,0,0,1,1,0,Aurora kinase inhibitor,AURKB|AURKC|AURKA,-0.2792,0.13,-0.5537
REP.A005_HA1E_24H:A07,BRD-K07881437,danusertib,HA1E,trt_cp,10 uM,24 h,3,588,0.7287,0.661902,1,1,1,1,0,Aurora kinase inhibitor|FGFR inhibitor,AURKA|AURKB|AURKC|FGFR1|NTRK1|RET|BCR|SLK,-0.278,0.1276,-0.5511
REP.B008_THP1_24H:C16,BRD-K31928526,barasertib,THP1,trt_cp,0.08 uM,24 h,2,380,0.1586,0.248241,0,0,1,1,0,Aurora kinase inhibitor,AURKB|AURKA,-0.2726,0.1161,-0.5405
CPC013_NPC_24H:BRD-K07881437-001-01-2:10,BRD-K07881437,danusertib,NPC,trt_cp,10 uM,24 h,3,174,0.1,0.133384,0,0,1,1,0,Aurora kinase inhibitor|FGFR inhibitor,AURKA|AURKB|AURKC|FGFR1|NTRK1|RET|BCR|SLK,-0.2617,0.0936,-0.5188
REP.A022_HEK293_24H:E03,BRD-K68747584,PF-03814735,HEK293,trt_cp,1.11 uM,24 h,3,154,0.3158,0.222996,0,0,1,1,0,Aurora kinase inhibitor,AURKA|AURKB,-0.2609,0.0924,-0.5173
LJP005_MCF10A_24H:D08,BRD-K63923597,barasertib-HQPA,MCF10A,trt_cp,3.33 uM,24 h,2,85,0.3589,0.176615,1,1,1,1,0,Aurora kinase inhibitor,AURKB|AURKC|AURKA,-0.2586,0.0885,-0.5128
LJP008_HEK293_24H:C01,BRD-K36740062,GSK-1070916,HEK293,trt_cp,10 uM,24 h,2,341,0.5859,0.45198,1,1,1,1,0,Aurora kinase inhibitor,AURKB|AURKC|AURKA|CYP2D6|CYP3A4,-0.2535,0.0804,-0.5026
MOAR006_PC3_24H:A10,BRD-K21728777,AMG-900,PC3,trt_cp,10 uM,24 h,3,406,0.6,0.499079,1,1,1,1,0,Aurora kinase inhibitor,AURKA|AURKB|AURKC,-0.2474,0.0706,-0.4906
CPC015_NPC_24H:BRD-K42500029-001-01-9:10,BRD-K42500029,CGP-57380,NPC,trt_cp,10 uM,24 h,3,209,0.4,0.292371,0,0,1,1,0,MAP kinase inhibitor,MKNK1|AURKB|LCK|MKNK2|SGK1,-0.2468,0.0699,-0.4893
CPC013_NEU_24H:BRD-K59369769-001-07-0:10,BRD-K59369769,tozasertib,NEU,trt_cp,10 uM,24 h,2,101,0.38,0.198099,0,0,1,1,0,Aurora kinase inhibitor|Bcr-Abl inhibitor|FLT3 inhibitor|JAK inhibitor,AURKA|AURKB|ABL1|AURKC|BCR|FLT3|JAK2|DDR2|LCK,-0.2454,0.0678,-0.4866
LJP005_MDAMB231_24H:D12,BRD-K63923597,barasertib-HQPA,MDAMB231,trt_cp,0.04 uM,24 h,2,57,0.1983,0.107505,1,1,1,1,0,Aurora kinase inhibitor,AURKB|AURKC|AURKA,-0.2364,0.0545,-0.4687
CPC014_NEU_24H:BRD-K77286328-001-02-9:10,BRD-K77286328,reversine,NEU,trt_cp,10 uM,24 h,2,45,0.25,0.107252,0,0,1,1,0,Aurora kinase inhibitor,AURKB|ADORA3|AURKA|INCENP|MAP2K1,-0.2323,0.0493,-0.4605
CPC003_HCC515_24H:BRD-K33193182-001-02-5:10,BRD-K33193182,methylnorlichexanthone,HCC515,trt_cp,10 uM,24 h,3,91,0.32,0.172554,1,1,1,1,0,Aurora kinase inhibitor|PIM inhibitor|VEGFR inhibitor,AURKB|PIM1,-0.2273,0.0428,-0.4507
AICHI002_K562_24H:B07,BRD-K72703948,ZM-447439,K562,trt_cp,10 uM,24 h,3,188,0.4,0.277293,1,1,1,1,0,Aurora kinase inhibitor,AURKA|AURKB,-0.2268,0.0423,-0.4497
AICHI002_OCILY19_24H:B07,BRD-K72703948,ZM-447439,OCILY19,trt_cp,10 uM,24 h,3,292,0.54,0.401531,1,1,1,1,0,Aurora kinase inhibitor,AURKA|AURKB,-0.2211,0.0347,-0.4384
REP.B014_MCF7_24H:A14,BRD-K55966568,orantinib,MCF7,trt_cp,0.74 uM,24 h,2,73,0.2357,0.132639,1,1,1,1,0,PDGFR inhibitor|FGFR inhibitor|VEGFR inhibitor,KDR|PDGFRB|FGFR1|AURKA|AURKB|PDGFRA|TBK1|EGFR|FGFR2,-0.1848,0.0087,-0.3664
CPC004_VCAP_6H:BRD-K42500029-001-01-9:10,BRD-K42500029,CGP-57380,VCAP,trt_cp,10 uM,6 h,4,228,0.21,0.221262,1,1,1,1,0,MAP kinase inhibitor,MKNK1|AURKB|LCK|MKNK2|SGK1,-0.1829,0.0081,-0.3626
CPC006_VCAP_24H:BRD-K55966568-001-01-3:6,BRD-K55966568,orantinib,VCAP,trt_cp,6.66 uM,24 h,5,111,0.2,0.150663,1,0,1,1,0,PDGFR inhibitor|FGFR inhibitor|VEGFR inhibitor,KDR|PDGFRB|FGFR1|AURKA|AURKB|PDGFRA|TBK1|EGFR|FGFR2,-0.1565,0.0016,-0.3102
PAC003_U2OS_6H:BRD-K31836715-001-02-7:10,BRD-K31836715,fisetin,U2OS,trt_cp,10 uM,6 h,2,48,0.27,0.115115,1,0,1,1,0,Aurora kinase inhibitor,CDK6|AKR1B1|AURKB|SIRT1|FASN,-0.1203,0,-0.2385
